Model,Language,Total,Problem Type,Pass@1,Pass@3,Pass@10,Pair Pass@1,Pair Pass@3,Pair Pass@10
GPT-3.5,Java,original,161,0.8760869565217392,0.9449384330391197,0.9612148855317519,0.0,0.0,0.0
GPT-3.5,Java,P13,161,0.8599378881987577,0.9409502015909338,0.9556892831223158,0.8760869565217391,0.9449384330391195,0.9612148855317519
GPT-3.5,Java,all,161,0.7127329192546584,0.7613272311212815,0.769873450012096,0.8760869565217392,0.9449384330391195,0.9612148855317519
GPT-3.5,Java,P8,67,0.5152985074626867,0.5469096823574434,0.5521579409454277,0.8126865671641792,0.9128829536527887,0.9441142702775714
GPT-3.5,Java,P6,6,0.0,0.0,0.0,0.875,0.975877192982456,0.9999900770024609
GPT-3.5,Java,P1,21,0.8833333333333332,0.9502506265664159,0.9523809523809523,0.8999999999999999,0.9520050125313284,0.9523809523809523
GPT-3.5,Java,P15,1,0.0,0.0,0.0,0.0,0.0,0.0
GPT-3.5,Java,P16,1,0.5499999999999998,0.9263157894736842,1.0,0.75,0.9912280701754386,1.0
